,auc_roc,auc_prgs
awt06,0.7762423736768004,0.5387533078817035
