,auc_roc,auc_prgs
awt06,0.7439551192145862,0.5187668507073722
