,auc_roc,auc_prgs
sa26,0.5846233230134159,0.3604445078519168
