,auc_roc,auc_prgs
swi06,0.6778582000984016,0.3184977780839255
