,auc_roc,auc_prgs
can02,0.7133381453009454,0.5073211956277777
