,auc_roc,auc_prgs
nz05,0.6756725763305766,0.517857057734747
