,auc_roc,auc_prgs
nz05,0.678290630352053,0.5123047549316094
