,auc_roc,auc_prgs
nsw09,0.6057321772639691,0.4125879012731133
