,auc_roc,auc_prgs
nsw09,0.592443550190029,0.3855418361008172
