,auc_roc,auc_prgs
nz05,0.6289818139225657,0.42482416284000174
