,auc_roc,auc_prgs
nz05,0.6739927319524304,0.5097196381399165
