,auc_roc,auc_prgs
swi06,0.5942424924870597,0.17942637646372717
