,auc_roc,auc_prgs
awt06,0.8284708249496983,0.6648614038233458
