,auc_roc,auc_prgs
swi06,0.7648907566102687,0.45021714164221316
