,auc_roc,auc_prgs
nsw09,0.518889347646573,-0.0356167150668408
