,auc_roc,auc_prgs
swi06,0.7276262105623172,0.37784467982608794
