,auc_roc,auc_prgs
sa26,0.5532386867790594,0.15988585944574388
