,auc_roc,auc_prgs
awt06,0.7818219742399749,0.600883589351441
