,auc_roc,auc_prgs
swi06,0.8000158105609724,0.506605873812818
