,auc_roc,auc_prgs
awt06,0.7923653029286832,0.5593043376679234
