,auc_roc,auc_prgs
nz05,0.5732534209337101,0.22773363566278282
