,auc_roc,auc_prgs
nz05,0.6494253396431804,0.45054024541735893
