,auc_roc,auc_prgs
sa26,0.6383161512027492,0.44568739024651005
