,auc_roc,auc_prgs
sa26,0.618127147766323,0.19820243148492503
