,auc_roc,auc_prgs
sa26,0.7358101135190918,0.7352333994367788
