,auc_roc,auc_prgs
swi06,0.7876930388724168,0.4884767387730983
