,auc_roc,auc_prgs
swi06,0.705403647549989,0.28571541911315235
