,auc_roc,auc_prgs
awt06,0.7627366115659384,0.5015126261439826
