,auc_roc,auc_prgs
sa26,0.48142414860681115,0.1165138513320196
