,auc_roc,auc_prgs
can02,0.7117087204371448,0.5247780478601859
