,auc_roc,auc_prgs
sa26,0.3766769865841073,-0.5592332844972939
