,auc_roc,auc_prgs
can02,0.7081077239695348,0.5015055064842059
