,auc_roc,auc_prgs
swi06,0.7011609536365634,0.3416350107607989
