,auc_roc,auc_prgs
sa26,0.540807560137457,0.05740520473615251
