,auc_roc,auc_prgs
sa26,0.5709849157054127,0.14636025929642935
