,auc_roc,auc_prgs
awt06,0.7629866666666666,0.513224995933248
