,auc_roc,auc_prgs
swi06,0.7624715420296228,0.4503235435027095
