,auc_roc,auc_prgs
awt06,0.8294310893257548,0.6730844379177572
