,auc_roc,auc_prgs
can02,0.7143828385884641,0.521452389626121
