,auc_roc,auc_prgs
sa26,0.5491276400367309,0.059936073179145455
