,auc_roc,auc_prgs
nsw09,0.6241576442783686,0.5477041975493225
