,auc_roc,auc_prgs
nz05,0.5934001898247466,0.37464786749976564
