,auc_roc,auc_prgs
nz05,0.6564426646091993,0.36904339780551704
