,auc_roc,auc_prgs
can02,0.7189742622058228,0.5183449512226499
