,auc_roc,auc_prgs
awt06,0.7878260869565217,0.5579828921857135
