,auc_roc,auc_prgs
nsw09,0.5378584229390682,0.14105609124284504
