,auc_roc,auc_prgs
awt06,0.5644116872861279,0.24624197801125783
