,auc_roc,auc_prgs
swi06,0.8100727210826227,0.5229595814361652
