,auc_roc,auc_prgs
can02,0.7223343005842842,0.5275581571445328
