,auc_roc,auc_prgs
can02,0.7186248029193405,0.5164955665472264
