,auc_roc,auc_prgs
nz05,0.6534987514003887,0.49008145215090115
