,auc_roc,auc_prgs
can02,0.6986841383708701,0.44541454251503293
