,auc_roc,auc_prgs
nz05,0.619567228767457,0.3483968134420799
