,auc_roc,auc_prgs
nsw09,0.6420107949282999,0.30226521826272373
