,auc_roc,auc_prgs
sa26,0.49556344276841174,0.04496625628189751
