,auc_roc,auc_prgs
awt06,0.7729402474335352,0.5312841509004973
