,auc_roc,auc_prgs
can02,0.7147279962779984,0.5287926659431894
