,auc_roc,auc_prgs
awt06,0.8181626743879968,0.6261445326719026
