,auc_roc,auc_prgs
sa26,0.5156106519742883,-0.19766971921873358
