,auc_roc,auc_prgs
nsw09,0.6634604992975252,0.40961235128572704
