,auc_roc,auc_prgs
swi06,0.7939671624323495,0.49523245442771563
