,auc_roc,auc_prgs
nz05,0.6880598739500946,0.5065079390153271
