,auc_roc,auc_prgs
nz05,0.5762013020463398,0.37037839890371443
