,auc_roc,auc_prgs
sa26,0.541259982253771,-0.029345205872743002
