,auc_roc,auc_prgs
swi06,0.744265443910946,0.3792574967424454
