,auc_roc,auc_prgs
nz05,0.6824151669681722,0.4345777041098298
