,auc_roc,auc_prgs
swi06,0.7863222054906578,0.48293810917773633
