,auc_roc,auc_prgs
sa26,0.5766758494031221,0.3578247144100609
