,auc_roc,auc_prgs
sa26,0.52218782249742,0.28097468942159215
