,auc_roc,auc_prgs
swi06,0.7875618324140475,0.4870587399641891
