,auc_roc,auc_prgs
nsw09,0.6353213315900632,0.5699750012363505
