,auc_roc,auc_prgs
awt06,0.6426133333333334,0.39607856765501936
