,auc_roc,auc_prgs
swi06,0.6464469108334797,0.22458893112869296
