,auc_roc,auc_prgs
swi06,0.7781065625710899,0.4527665217952419
