,auc_roc,auc_prgs
awt06,0.76768,0.5315352988561506
