,auc_roc,auc_prgs
sa26,0.4473684210526316,-0.0918249701996856
