,auc_roc,auc_prgs
can02,0.6524798453149865,0.3516942714302001
