,auc_roc,auc_prgs
nsw09,0.6286482334869432,0.5302950758121575
