,auc_roc,auc_prgs
can02,0.7063052620596586,0.5185570412400393
