,auc_roc,auc_prgs
can02,0.6789624871290836,0.4273631576520677
