,auc_roc,auc_prgs
nz05,0.6942449834731031,0.4773017643948855
