,auc_roc,auc_prgs
nsw09,0.5255642719515552,-0.015833140362118796
