,auc_roc,auc_prgs
nsw09,0.5690200935865676,0.34703332826130623
