,auc_roc,auc_prgs
nz05,0.6908689521228438,0.4793849007901969
