,auc_roc,auc_prgs
sa26,0.5851393188854489,0.3444078651667451
