,auc_roc,auc_prgs
nsw09,0.6478174603174603,0.3642634256267575
