,auc_roc,auc_prgs
can02,0.718225046296525,0.5191951335462653
