,auc_roc,auc_prgs
swi06,0.5527374025169396,0.09396335380728256
