,auc_roc,auc_prgs
awt06,0.7512295998211491,0.5279015599474715
