,auc_roc,auc_prgs
awt06,0.7797866666666666,0.5395364633767136
