,auc_roc,auc_prgs
swi06,0.5819750613589424,0.1645426414751957
