,auc_roc,auc_prgs
can02,0.7212098599649137,0.5359013775485473
