,auc_roc,auc_prgs
nz05,0.6822263259833525,0.504492769796821
