,auc_roc,auc_prgs
swi06,0.7968371420200688,0.49793792122382774
