,auc_roc,auc_prgs
swi06,0.6982877886112647,0.34659053309673454
