,auc_roc,auc_prgs
can02,0.6749952577695006,0.42376453651997203
