,auc_roc,auc_prgs
nz05,0.6024531982402923,0.37067621703517106
