,auc_roc,auc_prgs
nsw09,0.6462408588205627,0.4625086159258984
