,auc_roc,auc_prgs
sa26,0.6109391124871,0.5848273724973193
