,auc_roc,auc_prgs
can02,0.7074748471270733,0.4903360197965746
