,auc_roc,auc_prgs
nz05,0.6822053658838846,0.5261192614685374
