,auc_roc,auc_prgs
can02,0.7048781402884485,0.47968904981499927
