,auc_roc,auc_prgs
nsw09,0.6485855094726063,0.5831655289352762
