,auc_roc,auc_prgs
nsw09,0.5977132637092396,0.342380586122275
