,auc_roc,auc_prgs
awt06,0.8023562412342216,0.5981650517676204
