,auc_roc,auc_prgs
awt06,0.6977840112201963,0.4448820354117225
