,auc_roc,auc_prgs
can02,0.7116881563643407,0.4938506097986641
