,auc_roc,auc_prgs
nsw09,0.5905111855614394,0.38137845357361744
