,auc_roc,auc_prgs
can02,0.7133117693039298,0.5152698289984563
