,auc_roc,auc_prgs
nsw09,0.5340775755137618,0.08108075336481135
