,auc_roc,auc_prgs
sa26,0.6142611683848798,0.24437583651028436
