,auc_roc,auc_prgs
can02,0.5709029039078929,0.12447015882269975
