,auc_roc,auc_prgs
nsw09,0.6304602903214992,0.5101946341699649
