,auc_roc,auc_prgs
nsw09,0.6089556540221189,0.35856535818601953
