,auc_roc,auc_prgs
nsw09,0.6691139495122195,0.6365688229538595
