,auc_roc,auc_prgs
awt06,0.7383188016990834,0.46087801151665964
