,auc_roc,auc_prgs
nz05,0.677054492591638,0.4788666647965737
