,auc_roc,auc_prgs
sa26,0.47428833792470154,-0.026498971258680074
