,auc_roc,auc_prgs
awt06,0.7667807317715188,0.5514731889220645
