,auc_roc,auc_prgs
nz05,0.694932106897848,0.5004107207774046
